File name; voice_1_group; voice_2_group; voice_3_group; voice_4_group; voice_5_group; voice_6_group; voice_7_group; voice_mean
amb_comevcaffè_1_fede.wav;0.30449190529907355;0.7257586624473333;0.635263932403177;0.578134496929124;0.5082868030294776;0.3343945178203285;0.1629432852451618;0.4724729155508562
amb_comevcaffè_1_luca.wav;0.621544226698461;0.9595862049609423;0.993925366550684;0.9905517809092999;0.9706924930214882;0.977832842618227;0.9690682291984558;0.9249909506029869
amb_comevcaffè_1_luca_2.wav;0.0396247891621897;0.3309293738566339;0.25669624423608184;0.18355899618472904;0.15413326234556735;0.19880959810689092;0.10969530318218929;0.18390894645543068
